-- phpMyAdmin SQL Dump
-- version 5.0.0-dev
-- https://www.phpmyadmin.net/
--
-- Host: localhost
-- Generation Time: Sep 05, 2018 at 06:22 PM
-- Server version: 5.7.22-22
-- PHP Version: 7.2.9

SET SQL_MODE = "NO_AUTO_VALUE_ON_ZERO";
SET AUTOCOMMIT = 0;
START TRANSACTION;
SET time_zone = "+00:00";


/*!40101 SET @OLD_CHARACTER_SET_CLIENT=@@CHARACTER_SET_CLIENT */;
/*!40101 SET @OLD_CHARACTER_SET_RESULTS=@@CHARACTER_SET_RESULTS */;
/*!40101 SET @OLD_COLLATION_CONNECTION=@@COLLATION_CONNECTION */;
/*!40101 SET NAMES utf8mb4 */;

--
-- Database: `nirbachon`
--

-- --------------------------------------------------------

--
-- Table structure for table `migrations`
--

CREATE TABLE `migrations` (
  `id` int(10) UNSIGNED NOT NULL,
  `migration` varchar(255) COLLATE utf8mb4_unicode_ci NOT NULL,
  `batch` int(11) NOT NULL
) ENGINE=InnoDB DEFAULT CHARSET=utf8mb4 COLLATE=utf8mb4_unicode_ci;

--
-- Dumping data for table `migrations`
--

INSERT INTO `migrations` (`id`, `migration`, `batch`) VALUES
(1, '2014_10_12_000000_create_users_table', 1),
(2, '2014_10_12_100000_create_password_resets_table', 1);

-- --------------------------------------------------------

--
-- Table structure for table `password_resets`
--

CREATE TABLE `password_resets` (
  `email` varchar(255) COLLATE utf8mb4_unicode_ci NOT NULL,
  `token` varchar(255) COLLATE utf8mb4_unicode_ci NOT NULL,
  `created_at` timestamp NULL DEFAULT NULL
) ENGINE=InnoDB DEFAULT CHARSET=utf8mb4 COLLATE=utf8mb4_unicode_ci;

-- --------------------------------------------------------

--
-- Table structure for table `pouro_or_union`
--

CREATE TABLE `pouro_or_union` (
  `id` int(11) NOT NULL,
  `upozila_id` int(10) NOT NULL,
  `is_union` int(1) NOT NULL,
  `union_pouro_gov_id` int(10) NOT NULL,
  `name` varchar(100) CHARACTER SET utf8 NOT NULL
) ENGINE=InnoDB DEFAULT CHARSET=latin1;

--
-- Dumping data for table `pouro_or_union`
--

INSERT INTO `pouro_or_union` (`id`, `upozila_id`, `is_union`, `union_pouro_gov_id`, `name`) VALUES
(1, 2, 1, 29, 'গঙ্গানন্দপুর'),
(2, 2, 1, 53, 'মাগুরা'),
(3, 2, 1, 89, 'শিমু্লিয়া'),
(4, 2, 1, 35, 'গদখালী'),
(5, 2, 1, 71, 'পানিসারা'),
(6, 2, 1, 47, 'ঝিকরগাছা'),
(7, 2, 1, 59, 'নাভারণ'),
(8, 2, 1, 65, 'নির্বাসখোলা'),
(9, 2, 1, 41, 'হাজিরবাগ'),
(10, 2, 1, 83, 'শংকরপুর'),
(11, 2, 1, 25, 'বাঁকড়া'),
(12, 2, 0, 0, 'ঝিকরগাছা পৌরসভা'),
(14, 1, 1, 77, 'ফুলসারা'),
(16, 1, 1, 60, 'পাশাপোল'),
(17, 1, 1, 86, 'সিংহঝুলী'),
(18, 1, 1, 17, 'ধুলিয়ানী'),
(19, 1, 1, 14, 'চৌগাছা'),
(20, 1, 1, 34, 'জগদীশপুর'),
(21, 1, 1, 69, 'পাতিবিলা'),
(22, 1, 1, 25, 'হাকিমপুর'),
(23, 1, 1, 43, 'স্বরূপদাহ'),
(24, 1, 1, 51, 'নারায়নপুর'),
(25, 1, 1, 94, 'সুখপুকুরিয়া'),
(26, 1, 0, 0, 'চৌগাছা পৌরসভা');

-- --------------------------------------------------------

--
-- Table structure for table `registraion`
--

CREATE TABLE `registraion` (
  `id` int(10) NOT NULL,
  `name` varchar(50) COLLATE utf8mb4_unicode_ci NOT NULL,
  `gender` varchar(10) COLLATE utf8mb4_unicode_ci NOT NULL,
  `division` varchar(20) COLLATE utf8mb4_unicode_ci NOT NULL,
  `district` varchar(20) COLLATE utf8mb4_unicode_ci NOT NULL,
  `upazila` varchar(20) COLLATE utf8mb4_unicode_ci NOT NULL,
  `is_union` int(1) NOT NULL,
  `up_or_pouro_name` varchar(50) COLLATE utf8mb4_unicode_ci NOT NULL,
  `villege` varchar(50) COLLATE utf8mb4_unicode_ci NOT NULL,
  `votkendro` varchar(200) COLLATE utf8mb4_unicode_ci NOT NULL,
  `national_id` varchar(20) COLLATE utf8mb4_unicode_ci NOT NULL,
  `mobile_no` varchar(20) COLLATE utf8mb4_unicode_ci NOT NULL,
  `father_name` varchar(255) COLLATE utf8mb4_unicode_ci NOT NULL,
  `created_at` timestamp NULL DEFAULT NULL,
  `updated_at` timestamp NULL DEFAULT NULL
) ENGINE=InnoDB DEFAULT CHARSET=utf8mb4 COLLATE=utf8mb4_unicode_ci;

--
-- Dumping data for table `registraion`
--

INSERT INTO `registraion` (`id`, `name`, `gender`, `division`, `district`, `upazila`, `is_union`, `up_or_pouro_name`, `villege`, `votkendro`, `national_id`, `mobile_no`, `father_name`, `created_at`, `updated_at`) VALUES
(6, 'tapos', 'পুরুষ', 'dhaka', 'dhaka', 'ঝিকরগাছা', 1, 'পানিসারা', 'রাজাপুর', 'রাজাপুর মাধ্যমিক বিদ্যালয়, রাজাপুর', '19872317100543213', '01684750869', 'tapos sf', '2018-09-03 15:36:59', '2018-09-03 15:36:59'),
(10, 'jahangir', 'পুরুষ', 'dhaka', 'dhaka', 'ঝিকরগাছা', 1, 'পানিসারা', 'রঘুনাথনগর', 'রঘুনাথনগর সরকারী প্রাথমিক বিদ্যালয়, রঘুনাথনগর', '19922317100123456', '01913920430', 'alam', '2018-09-04 14:06:42', '2018-09-04 14:06:42'),
(11, 'Ggg', 'মহিলা', 'dhaka', 'dhaka', 'ঝিকরগাছা', 1, 'নাভারণ', 'দেউলি', 'শেখ আকিজ উদ্দিন হাইস্কুল, (পুরাতন ভবন, উত্তর পার্শ্ব), নাভারণ', '19904112359123456', '01711948600', 'Hbh', '2018-09-05 05:06:24', '2018-09-05 05:06:24'),
(12, 'Hhh', 'পুরুষ', 'dhaka', 'dhaka', 'ঝিকরগাছা', 1, 'গঙ্গানন্দপুর', 'গুলবাগপুর', 'গুলবাগপুর সরকারী প্রাথমিক বিদ্যালয়, গুলবাগপুর', '19924112329123456', '01711948601', 'Hh', '2018-09-05 05:28:11', '2018-09-05 05:28:11'),
(13, 'Ggg', 'পুরুষ', 'dhaka', 'dhaka', 'ঝিকরগাছা', 1, 'শিমু্লিয়া', 'গঙ্গাধরপুর', 'পাল্লারাজাপুর সরকারী প্রাথমিক বিদ্যালয়, পাল্লা', '19924112389123456', '01711948612', 'Hhgy', '2018-09-05 05:29:37', '2018-09-05 05:29:37');

-- --------------------------------------------------------

--
-- Table structure for table `upozila`
--

CREATE TABLE `upozila` (
  `id` int(10) NOT NULL,
  `upozila_gov_id` int(11) NOT NULL,
  `upzila_name` varchar(50) CHARACTER SET utf8 NOT NULL
) ENGINE=InnoDB DEFAULT CHARSET=latin1;

--
-- Dumping data for table `upozila`
--

INSERT INTO `upozila` (`id`, `upozila_gov_id`, `upzila_name`) VALUES
(1, 11, 'চৌগাছা'),
(2, 23, 'ঝিকরগাছা');

-- --------------------------------------------------------

--
-- Table structure for table `users`
--

CREATE TABLE `users` (
  `id` int(10) UNSIGNED NOT NULL,
  `name` varchar(255) COLLATE utf8mb4_unicode_ci NOT NULL,
  `email` varchar(255) COLLATE utf8mb4_unicode_ci NOT NULL,
  `password` varchar(255) COLLATE utf8mb4_unicode_ci NOT NULL,
  `remember_token` varchar(100) COLLATE utf8mb4_unicode_ci DEFAULT NULL,
  `created_at` timestamp NULL DEFAULT NULL,
  `updated_at` timestamp NULL DEFAULT NULL
) ENGINE=InnoDB DEFAULT CHARSET=utf8mb4 COLLATE=utf8mb4_unicode_ci;

--
-- Dumping data for table `users`
--

INSERT INTO `users` (`id`, `name`, `email`, `password`, `remember_token`, `created_at`, `updated_at`) VALUES
(1, 'tapos', 'tapos.aa@gmail.com', '$2y$10$ALl0n9qntKEsg1oNsZPCM.ecnZmHKMv4FTwT.94uFdYk8qVFLIUFW', 'Qe7wKECA4kWMUC8ebWUQIPwOimP0GPdOeoiP60e6iqjX5smDTZ25BpY8eBAi', '2018-09-03 03:19:31', '2018-09-03 03:19:31');

-- --------------------------------------------------------

--
-- Table structure for table `villege`
--

CREATE TABLE `villege` (
  `id` int(10) NOT NULL,
  `pouro_or_union_id` int(10) NOT NULL,
  `village_name` varchar(100) CHARACTER SET utf8 COLLATE utf8_croatian_ci NOT NULL,
  `ward_if_pouro` varchar(3) NOT NULL DEFAULT '0'
) ENGINE=InnoDB DEFAULT CHARSET=latin1;

--
-- Dumping data for table `villege`
--

INSERT INTO `villege` (`id`, `pouro_or_union_id`, `village_name`, `ward_if_pouro`) VALUES
(1, 5, 'গাবুরাপুর', '0'),
(2, 5, 'পানিসারা', '0'),
(3, 5, 'কৃষ্ণচন্দ্রপুর', '0'),
(4, 5, 'কুলিয়া', '0'),
(5, 5, 'নারাঙ্গালী', '0'),
(6, 5, 'রঘুনাথনগর', '0'),
(7, 5, 'বর্ণি', '0'),
(8, 5, 'চাপাতলা', '0'),
(9, 5, 'সৈয়দপাড়া', '0'),
(10, 5, 'টাওরা', '0'),
(11, 5, 'নীলকণ্ঠনগর', '0'),
(12, 5, 'পূরন্দরপুর', '0'),
(13, 5, 'কাউরিয়া', '0'),
(14, 5, 'রাজাপুর', '0'),
(15, 5, 'বেজিয়াতলা', '0'),
(16, 5, 'মোহিনীকাটি', '0'),
(18, 12, 'ঝিকরগাছা(01)', '1'),
(19, 12, 'কৃষ্ণনগর(02)', '2'),
(20, 12, 'কৃষ্ণনগর(03)', '3'),
(21, 12, 'কৃষ্ণনগর(04)', '4'),
(22, 12, 'কীর্ত্তিপুর(05)', '5'),
(23, 12, 'পায়রাডাঙ্গা(06)', '6'),
(24, 12, 'মোবারকপুর(06)', '6'),
(25, 12, 'পুরন্দরপুর(07)', '7'),
(26, 12, 'পুরন্দরপুর(08)', '8'),
(27, 12, 'বারবাকপুর(08)', '8'),
(28, 12, 'কাউরিয়া(09)', '9'),
(29, 12, 'পুরন্দরপুর (বি পাড়া)(09)', '9'),
(30, 12, 'হাজীর আলী(09)', '9'),
(31, 14, 'সৈয়দপুর', '0'),
(32, 14, 'কোটালীপুর', '0'),
(33, 14, 'তেঁতুলবাড়ীয়া', '0'),
(34, 14, 'দূর্গাবরকাটি', '0'),
(35, 14, 'চারাবাড়ী', '0'),
(36, 14, 'মোহাম্মদপুর', '0'),
(37, 14, 'রায়নগর', '0'),
(38, 14, 'জামিরা', '0'),
(39, 14, 'বারুইহাটী', '0'),
(40, 14, 'বলিদাপাড়া', '0'),
(41, 14, 'ফুলসারা', '0'),
(42, 14, 'সলুয়া', '0'),
(43, 14, 'আফরা', '0'),
(44, 14, 'আড়ারদাহ', '0'),
(45, 14, 'চাঁন্দা', '0'),
(46, 14, 'শিবনগর', '0'),
(47, 1, 'গুলবাগপুর', '0'),
(48, 1, 'ব্যাংদাহ', '0'),
(49, 1, 'দত্তপাড়া', '0'),
(50, 1, 'শ্রীচন্দ্রপুর', '0'),
(51, 1, 'আটলিয়া', '0'),
(53, 1, 'মৌতা', '0'),
(54, 1, 'গোয়ালহাটি', '0'),
(55, 1, 'ছুটিপুর', '0'),
(56, 1, 'বিষহরি', '0'),
(57, 1, 'গৌরসুটি', '0'),
(58, 1, 'বালিয়া', '0'),
(59, 1, 'কাগমারী', '0'),
(60, 1, 'কৃষ্ণচন্দ্রপুর', '0'),
(61, 1, 'জিউলীগাছা', '0'),
(62, 1, 'গঙ্গানন্দপুর', '0'),
(63, 1, 'নবগ্রাম', '0'),
(64, 2, 'কায়েমকোলা', '0'),
(66, 2, 'ছোটকুলি', '0'),
(67, 2, 'বড়কুলি', '0'),
(68, 2, 'চান্দা', '0'),
(69, 2, 'জয়রামপুর', '0'),
(70, 2, 'ঘোড়দাহ', '0'),
(71, 2, 'ফুলবাড়ী', '0'),
(72, 2, 'আশিংড়ী', '0'),
(73, 2, 'সন্তোষনগর', '0'),
(74, 2, 'আঙ্গারপাড়া', '0'),
(75, 2, 'বহিরামপুর', '0'),
(76, 2, 'মিশ্রিদেয়াড়া', '0'),
(77, 2, 'মাগুরা', '0'),
(78, 2, 'ডহরমাগুরা', '0'),
(79, 2, 'মোহাম্মদপুর', '0'),
(80, 2, 'মনোহরপুর', '0'),
(81, 3, 'মধুখালি', '0'),
(82, 3, 'জামালপুর', '0'),
(83, 3, 'দোশতিনা', '0'),
(84, 3, 'গঙ্গাধরপুর', '0'),
(85, 3, 'পাল্লা', '0'),
(86, 3, 'উত্তর রাজাপুর', '0'),
(87, 3, 'রাধানগর', '0'),
(88, 3, 'আজমপুর', '0'),
(89, 3, 'গোপিনাথপুর', '0'),
(90, 3, 'সাগরপুর', '0'),
(91, 3, 'শিমুলিয়া', '0'),
(92, 3, 'আন্দোল পোতা', '0'),
(93, 3, 'মাটিকুমরা', '0'),
(94, 3, 'খাসখালি', '0'),
(95, 3, 'শ্রীরামকাঠি', '0'),
(96, 3, 'শিয়ালঘোনা', '0'),
(97, 4, 'বারবাকপুর', '0'),
(98, 4, 'বোধখানা', '0'),
(99, 4, 'গদখালী', '0'),
(100, 4, 'গদখালী', '0'),
(101, 4, 'কামারপাড়া', '0'),
(102, 4, 'ফতেপুর', '0'),
(103, 4, 'ইউছুফপুর', '0'),
(104, 4, 'জাফরনগর', '0'),
(105, 4, 'পটুয়াপাড়া', '0'),
(106, 4, 'সাদিরালী', '0'),
(107, 4, 'বেনেয়ালী', '0'),
(108, 4, 'বামনালী', '0'),
(109, 6, 'হাড়িয়া দেয়াড়া', '0'),
(110, 6, 'সাগরপুর', '0'),
(111, 6, 'শ্রীরামপুর', '0'),
(112, 6, 'কাশিপুর', '0'),
(113, 6, 'পদ্মপুকুর', '0'),
(114, 6, 'চাঁপাতলা', '0'),
(115, 6, 'মির্জাপুর', '0'),
(116, 6, 'চন্দ্রপুর', '0'),
(117, 6, 'দোস্তপুর', '0'),
(118, 6, 'পায়রাডাঙ্গা', '0'),
(119, 6, 'ফারাসাতপুর', '0'),
(120, 6, 'বেড়েলা', '0'),
(121, 6, 'ঝাউদিয়া', '0'),
(122, 6, 'মল্লিকপুর', '0'),
(123, 6, 'জয়কৃষ্ণপুর', '0'),
(124, 6, 'নোয়াপাড়া', '0'),
(125, 6, 'নওদাপাড়া', '0'),
(126, 6, 'লাউজানী', '0'),
(127, 6, 'লক্ষীপুর', '0'),
(128, 7, 'কলাগাছি', '0'),
(129, 7, 'দেউলি', '0'),
(130, 7, 'ইসলামপুর', '0'),
(131, 7, 'ঢাকাপাড়া', '0'),
(132, 7, 'বাদে নাভারণ', '0'),
(133, 7, 'নাভারণ বেলেরমাঠ', '0'),
(134, 7, 'কুন্দিপুর', '0'),
(135, 7, 'করিম আলী', '0'),
(136, 7, 'ডাঙ্গি', '0'),
(137, 7, 'বাগ', '0'),
(138, 7, 'বাকী', '0'),
(139, 7, 'পাঁচপোতা', '0'),
(140, 7, 'আমিনী', '0'),
(141, 7, 'গুণনগর', '0'),
(142, 7, 'রামচন্দ্রপুর', '0'),
(143, 7, 'কালিয়ানী', '0'),
(144, 7, 'নিত্যানন্দকাটি', '0'),
(145, 7, 'শরীফপুর', '0'),
(146, 7, 'মানিক আলী', '0'),
(147, 7, 'হাড়িয়া', '0'),
(148, 7, 'চাঁদপুর', '0'),
(149, 7, 'বায়সা', '0'),
(150, 8, 'বেড়ারূপানি', '0'),
(151, 8, 'মির্জাপুর', '0'),
(152, 8, 'নির্বাসখোলা', '0'),
(153, 8, 'খরুসা', '0'),
(154, 8, 'রাজার ডুমুরিয়া', '0'),
(155, 8, 'নন্দী ডুমুরিয়া', '0'),
(156, 8, 'আশিংড়ী', '0'),
(157, 8, 'শিওরদাহ', '0'),
(158, 8, 'দীঘড়ী', '0'),
(159, 8, 'বাউসা', '0'),
(160, 8, 'নিশ্চিন্তপুর', '0'),
(161, 8, 'কানাইরালি', '0'),
(162, 8, 'সাদিপুর', '0'),
(163, 8, 'বল্লা', '0'),
(164, 8, 'নোয়ালী', '0'),
(165, 9, 'রায়পটন', '0'),
(166, 9, 'বিষ্ণুপুর', '0'),
(167, 9, 'মহেশপাড়া', '0'),
(168, 9, 'হাজিরবাগ', '0'),
(169, 9, 'সোনাকুড়', '0'),
(170, 9, 'ইস্তা', '0'),
(171, 9, 'কুল্লা', '0'),
(172, 9, 'যুগীহুদা', '0'),
(173, 9, 'মুকুন্দপুর', '0'),
(174, 9, 'মাটিকুমড়া', '0'),
(175, 9, 'ধল্লা', '0'),
(176, 9, 'কোমরচান্দা', '0'),
(177, 9, 'পাঁচপোতা', '0'),
(178, 9, 'বরুণহাল', '0'),
(180, 9, 'দেউলি', '0'),
(181, 10, 'বকুলিয়া', '0'),
(182, 10, 'শংকরপুর', '0'),
(183, 10, 'কুলবাড়িয়া', '0'),
(184, 10, 'কুমড়ী', '0'),
(185, 10, 'নায়ড়া', '0'),
(186, 10, 'সেকেন্দার কাটি', '0'),
(187, 10, 'রাজবাড়ীয়া', '0'),
(188, 10, 'উলাকোল', '0'),
(189, 10, 'ছোট পোদাউলিয়া', '0'),
(190, 10, 'হরিদ্রাপোতা', '0'),
(191, 10, 'খাটবাড়িয়া', '0'),
(192, 10, 'বড় পোদাউলিয়া', '0'),
(193, 10, 'বাঁকুড়া', '0'),
(194, 10, 'জগদানন্দকাটি', '0'),
(195, 11, 'বাঁকড়া', '0'),
(196, 11, 'আলীপুর', '0'),
(197, 11, 'খলসী', '0'),
(198, 11, 'মুকুন্দপুর', '0'),
(199, 11, 'শিমুলিয়া', '0'),
(200, 11, 'শুকুরখোলা', '0'),
(201, 11, 'মাটশিয়া', '0'),
(202, 11, 'দিগদানা', '0'),
(203, 11, 'উজ্জ্বলপুর', '0'),
(204, 11, 'খোসালনগর', '0'),
(205, 16, 'পাশাপোল', '0'),
(206, 16, 'বানুরহুদা', '0'),
(207, 16, 'পলুয়া', '0'),
(208, 16, 'বাড়িয়ালী', '0'),
(209, 16, 'হাউলী', '0'),
(210, 16, 'বুড়িন্দিয়া', '0'),
(211, 16, 'মৎস্যরাঙ্গা', '0'),
(212, 16, 'রঘুনাথপুর', '0'),
(213, 16, 'দশপাকিয়া', '0'),
(214, 16, 'দুড়িয়ালী', '0'),
(215, 16, 'মালিগাতী', '0'),
(216, 16, 'রানীয়ালী', '0'),
(217, 16, 'শুরেস্বরকাঠি', '0'),
(218, 16, 'কালিয়াকুন্ডি', '0'),
(219, 16, 'গোপীনাথপুর', '0'),
(220, 16, 'বড়গোবিন্দপুর', '0'),
(221, 16, 'বিল এড়োল', '0'),
(222, 17, 'খোর্দ্দ সিংহঝুলী', '0'),
(223, 17, 'সিংহঝুলী ওয়ার্ড-১', '0'),
(224, 17, 'সিংহঝুলী ওয়ার্ড-৩', '0'),
(225, 17, 'মাঝালী', '0'),
(226, 17, 'সিংহঝুলী ওয়ার্ড-২', '0'),
(227, 17, 'জগন্নাথপুর(পঃ)', '0'),
(228, 17, 'জগন্নাথপুর(পুর্ব)', '0'),
(229, 17, 'জাহাঙ্গীরপুর', '0'),
(230, 17, 'হুদাফতেপুর', '0'),
(231, 17, 'গরীবপুর-৭', '0'),
(232, 17, 'জামালতা-৭', '0'),
(233, 17, 'পিতাম্বরপুর-৭', '0'),
(234, 17, 'গরীবপুর-৮', '0'),
(235, 17, 'পিতাম্বরপুর-৮', '0'),
(236, 17, 'গরীবপুর-৯', '0'),
(237, 18, 'উজিরপুর', '0'),
(238, 18, 'মুক্তারপুর', '0'),
(239, 18, 'ভাদড়া', '0'),
(240, 18, 'ফতেপুর', '0'),
(241, 18, 'কুষ্টিয়া', '0'),
(242, 18, 'আজমতপুর', '0'),
(243, 18, 'শাহাজাদপুর', '0'),
(244, 18, 'কাবিলপুর', '0'),
(245, 18, 'ছোটকাবিলপুর', '0'),
(246, 18, 'মুকুন্দপুর', '0'),
(247, 18, 'ধুলিয়ানী', '0');

-- --------------------------------------------------------

--
-- Table structure for table `villege_kendro`
--

CREATE TABLE `villege_kendro` (
  `id` int(10) NOT NULL,
  `village_id` int(10) NOT NULL,
  `kendro_id` int(10) NOT NULL
) ENGINE=InnoDB DEFAULT CHARSET=latin1;

--
-- Dumping data for table `villege_kendro`
--

INSERT INTO `villege_kendro` (`id`, `village_id`, `kendro_id`) VALUES
(1, 1, 1),
(2, 2, 1),
(3, 3, 1),
(4, 4, 1),
(5, 5, 2),
(6, 6, 2),
(7, 7, 3),
(8, 8, 3),
(9, 9, 4),
(10, 10, 4),
(11, 11, 4),
(12, 12, 5),
(13, 13, 5),
(14, 14, 5),
(15, 15, 6),
(16, 16, 6),
(17, 18, 7),
(18, 19, 8),
(19, 20, 9),
(20, 21, 10),
(21, 22, 11),
(22, 23, 12),
(23, 24, 12),
(24, 25, 13),
(25, 26, 14),
(26, 27, 14),
(27, 28, 15),
(28, 29, 15),
(29, 30, 15),
(30, 31, 16),
(31, 32, 17),
(32, 33, 17),
(33, 34, 17),
(34, 35, 18),
(35, 36, 18),
(36, 37, 18),
(37, 38, 19),
(38, 39, 19),
(39, 40, 19),
(40, 41, 20),
(41, 42, 21),
(42, 43, 22),
(43, 44, 23),
(44, 45, 23),
(45, 46, 23),
(46, 64, 24),
(47, 65, 25),
(48, 66, 25),
(49, 67, 25),
(50, 68, 25),
(51, 69, 25),
(52, 70, 26),
(53, 71, 26),
(54, 72, 27),
(55, 73, 27),
(56, 74, 27),
(57, 75, 28),
(58, 76, 28),
(59, 77, 29),
(60, 78, 30),
(61, 79, 31),
(62, 80, 31),
(63, 47, 32),
(64, 48, 32),
(65, 49, 33),
(66, 50, 33),
(67, 51, 34),
(68, 53, 34),
(69, 54, 35),
(70, 55, 35),
(71, 56, 36),
(72, 57, 36),
(73, 58, 36),
(74, 59, 37),
(75, 60, 37),
(76, 61, 37),
(77, 62, 38),
(78, 63, 38),
(79, 81, 39),
(80, 82, 39),
(81, 83, 39),
(82, 84, 40),
(83, 85, 40),
(84, 86, 40),
(85, 87, 40),
(86, 88, 41),
(87, 89, 41),
(88, 90, 41),
(89, 91, 42),
(90, 92, 43),
(91, 93, 43),
(92, 94, 44),
(93, 95, 44),
(94, 96, 45),
(95, 97, 46),
(96, 98, 47),
(97, 99, 48),
(98, 100, 49),
(99, 101, 50),
(100, 102, 50),
(101, 103, 51),
(102, 104, 51),
(103, 105, 52),
(104, 106, 52),
(105, 107, 53),
(106, 108, 54),
(107, 109, 55),
(108, 110, 56),
(109, 111, 57),
(110, 112, 58),
(111, 113, 58),
(112, 114, 59),
(113, 115, 59),
(114, 116, 59),
(115, 117, 59),
(116, 118, 60),
(117, 119, 60),
(118, 120, 60),
(119, 121, 61),
(120, 122, 61),
(121, 123, 62),
(122, 124, 62),
(123, 125, 63),
(124, 126, 63),
(125, 127, 63),
(126, 128, 64),
(127, 129, 64),
(128, 130, 65),
(129, 131, 65),
(130, 132, 65),
(131, 133, 66),
(132, 134, 67),
(133, 135, 67),
(134, 136, 68),
(135, 137, 68),
(136, 138, 68),
(137, 139, 69),
(138, 140, 69),
(139, 141, 69),
(140, 142, 69),
(141, 143, 70),
(142, 144, 70),
(143, 145, 70),
(144, 146, 71),
(145, 147, 71),
(146, 148, 72),
(147, 149, 72),
(148, 150, 73),
(149, 151, 73),
(150, 152, 74),
(151, 153, 74),
(152, 154, 75),
(153, 155, 75),
(154, 156, 76),
(155, 157, 76),
(156, 158, 77),
(157, 159, 77),
(158, 160, 78),
(159, 161, 78),
(160, 162, 78),
(161, 163, 79),
(162, 164, 79),
(163, 166, 80),
(164, 167, 81),
(165, 168, 82),
(166, 169, 82),
(167, 170, 83),
(168, 171, 83),
(169, 172, 83),
(170, 173, 83),
(171, 174, 87),
(172, 175, 84),
(173, 176, 85),
(174, 176, 85),
(175, 177, 85),
(176, 178, 85),
(177, 180, 86),
(178, 181, 87),
(179, 182, 87),
(180, 183, 86),
(181, 184, 89),
(182, 185, 90),
(183, 186, 90),
(184, 187, 91),
(185, 188, 91),
(186, 189, 92),
(187, 190, 92),
(188, 191, 92),
(189, 192, 93),
(190, 193, 93),
(191, 194, 94),
(192, 195, 95),
(193, 196, 96),
(194, 197, 97),
(195, 198, 98),
(196, 199, 98),
(197, 200, 98),
(198, 201, 99),
(199, 202, 100),
(200, 203, 101),
(201, 204, 102),
(202, 205, 103),
(203, 206, 103),
(204, 207, 104),
(205, 208, 105),
(206, 209, 105),
(207, 210, 106),
(208, 211, 106),
(209, 212, 107),
(210, 213, 107),
(211, 214, 108),
(212, 215, 108),
(213, 216, 108),
(214, 217, 108),
(215, 218, 108),
(216, 219, 108),
(217, 219, 108),
(218, 220, 108),
(219, 221, 108),
(220, 222, 109),
(221, 223, 109),
(222, 224, 109),
(223, 225, 110),
(224, 226, 110),
(225, 227, 111),
(226, 228, 111),
(227, 229, 112),
(228, 230, 112),
(229, 231, 113),
(230, 232, 113),
(231, 233, 113),
(232, 234, 113),
(233, 235, 113),
(234, 236, 113),
(235, 237, 114),
(236, 238, 114),
(237, 239, 115),
(238, 240, 115),
(239, 241, 115),
(240, 242, 116),
(241, 243, 116),
(242, 244, 117),
(243, 245, 117),
(244, 246, 118),
(245, 247, 118);

-- --------------------------------------------------------

--
-- Table structure for table `votkendro`
--

CREATE TABLE `votkendro` (
  `id` int(11) NOT NULL,
  `kendro_name` varchar(200) CHARACTER SET utf8 NOT NULL
) ENGINE=InnoDB DEFAULT CHARSET=latin1;

--
-- Dumping data for table `votkendro`
--

INSERT INTO `votkendro` (`id`, `kendro_name`) VALUES
(1, 'পানিসারা সরকারী প্রাথমিক বিদ্যালয়, পানিসারা'),
(2, 'রঘুনাথনগর সরকারী প্রাথমিক বিদ্যালয়, রঘুনাথনগর'),
(3, 'বর্ণি  সরকারী প্রাথমিক বিদ্যালয়, বর্ণি'),
(4, 'টাওরা উত্তর পাড়া সরকারী প্রাথমিক বিদ্যালয়, টাওরা'),
(5, 'রাজাপুর মাধ্যমিক বিদ্যালয়, রাজাপুর'),
(6, 'মোহিনীকাটি সরকারী প্রাথমিক বিদ্যালয়, মোহিনীকাটি'),
(7, 'ঝিকরগাছা কাটাখাল সরকারী প্রাথমিক বিদ্যালয়, ঝিকরগাছা'),
(8, 'নতুনকুড়ি কিন্ডার গার্টেন স্কুল, কৃষ্ণনগর'),
(9, 'কৃষ্ণনগর মডেল সরকারী প্রাথমিক বিদ্যালয়, কৃষ্ণনগর'),
(10, 'ঝিকরগাছা সরকারী প্রাথমিক বিদ্যালয়, কৃষ্ণনগর'),
(11, 'ঝিকরগাছা দারুল উলুম কামিল মাদ্রাসা,কৃষ্ণনগর'),
(12, 'ঝিকরগাছা বাজার সরকারী প্রাথমিক বিদ্যালয়, মোবারকপুর'),
(13, 'পুরন্দপুর সরকারী প্রাথমিক বিদ্যালয়, পুরন্দরপুর'),
(14, 'পারবাজার  সরকারী প্রাথমিক বিদ্যালয়, বারবাকপুর'),
(15, 'ঝিকরগাছা মহিলা ডিগ্রী কলেজ (নতুন ভবন), হাজীর আলী'),
(16, 'সৈয়দপুর সরকারী প্রাথমিক বিদ্যালয়, সৈয়দপুর'),
(17, 'দূর্গাপুর দাখিল মাদ্রাসা, দূর্গাবরকাঠি\r\n'),
(18, 'রায়নগর সরকারী প্রাথমিক বিদ্যালয়, রায়নগর'),
(19, 'বারুইহাটী সরকারী প্রাথমিক বিদ্যালয়, বারুইহাটী'),
(20, 'ফুলসারা সরকারী প্রাথমিক বিদ্যালয়, ফুলসারা'),
(21, 'সলুয়া সরকারী প্রাথমিক বিদ্যালয়, সলুয়া'),
(22, 'আফরা সরকারী প্রাথমিক বিদ্যালয়, আফরা'),
(23, 'শিবনগর সরকারী প্রাথমিক বিদ্যালয়,  শিবনগর'),
(24, 'কায়েমকোলা সরকারী প্রাথমিক বিদ্যালয়, কায়েমকোলা'),
(25, 'কায়েমকোলা মাধ্যমিক বিদ্যালয়, কায়েমকোলা'),
(26, 'ফুলবাড়ি সরকারী প্রাথমিক বিদ্যালয়, ফুলবাড়ী'),
(27, 'এ, এস, নগর সরকারী প্রাথমিক বিদ্যালয়, সন্তোষনগর'),
(28, 'মিশ্রিদেয়াড়া সরকারী প্রাথমিক বিদ্যালয়, মিশ্রিদেয়াড়া'),
(29, 'অমৃতবাজার সরকারী প্রাথমিক বিদ্যালয়, মাগুরা'),
(30, 'ডহর মাগুরা দাখিল মাদ্রাসা, ডহরমাগুরা '),
(31, 'ডহর মাগুরা সরকারী প্রাথমিক বিদ্যালয়, ডহরমাগুরা'),
(32, 'গুলবাগপুর সরকারী প্রাথমিক বিদ্যালয়, গুলবাগপুর'),
(33, 'দত্তপাড়া সরকারী প্রাথমিক বিদ্যালয়, দত্তপাড়া'),
(34, 'আটলিয়া সরকারী প্রাথমিক বিদ্যালয়, আটলিয়া'),
(35, 'গঙ্গানন্দপুর মাধ্যমিক বিদ্যালয়, ছুটিপুর'),
(36, 'বালিয়া সরকারী প্রাথমিক বিদ্যালয়, বালিয়া'),
(37, 'কাগমারী সরকারী প্রাথমিক বিদ্যালয়, কাগমারী'),
(38, 'মাঠুয়াপাড়া সরকারী প্রাথমিক বিদ্যালয়, গঙ্গানন্দপুর'),
(39, 'মধুখালি সরকারী প্রাথমিক বিদ্যালয়, মধুখালি'),
(40, 'পাল্লারাজাপুর সরকারী প্রাথমিক বিদ্যালয়, পাল্লা'),
(41, 'শিমুলিয়া ডিগ্রী কলেজ, শিমুলিয়া'),
(42, 'সেন্ট লুইস মাধ্যমিক বিদ্যালয়, শিমুলিয়া'),
(43, 'আন্দোলপোতা মাটিকোমড়া সরকারী প্রাথমিক বিদ্যালয়, মাটিকোমরা'),
(44, 'খাসখালি সরকারী প্রাথমিক বিদ্যালয়, খাসখালি'),
(45, 'ধানপোতা সরকারী প্রাথমিক বিদ্যালয়, শিয়ালঘোনা'),
(46, 'আলহাজ্ব রফিউদ্দীন আলীম মাদ্রাসা, বারবাকপুর'),
(47, 'বোধখানা সরকারী প্রাথমিক বিদ্যালয়, বোধখানা'),
(48, 'আল এক্বরা মডেল একাডেমী, গদখালী (নীচতলা) মহিলা কেন্দ্র'),
(49, 'আল এক্বরা মডেল একাডেমী, গদখালী (দ্বিতীয় তলা) পুরুষ কেন্দ্র'),
(50, 'কামারপাড়া সরকারী প্রাথমিক বিদ্যালয়, কামারপাড়া'),
(51, 'গদখালি ইউনিয়ন পরিষদ কমপ্লেক্স, ফতেপুর'),
(52, 'টাওরা সরকারী প্রাথমিক বিদ্যালয়, পটুয়াপাড়া'),
(53, 'বেনেয়ালী সরকারী প্রাথমিক বিদ্যালয়, বেনেয়ালী'),
(54, 'বামনালী চাঁপাতলা সরকারী প্রাথমিক বিদ্যালয়, বামনালী'),
(55, 'হাড়িদেয়াড়া সরকারী প্রাথমিক বিদ্যালয়, হাড়িয়া দেয়াড়া'),
(56, 'সাগরপুর মাদ্রাসা, সাগরপুর'),
(57, 'শ্রীরামপুর সরকারী প্রাথমিক বিদ্যালয়, শ্রীরামপুর'),
(58, 'কাশিপুর সরকারী প্রাথমিক বিদ্যালয়, কাশিপুর'),
(59, 'দোস্তপুর সরকারী প্রাথমিক বিদ্যালয়, মির্জাপুর'),
(60, 'পায়রাডাঙ্গা সরকারী প্রাথমিক বিদ্যালয়, পায়রাডাঙ্গা'),
(61, 'মল্লিকপুর কপোতাক্ষী গুচ্ছগ্রাম সরকারী প্রাথমিক বিদ্যালয়, মল্লিকপুর গুচ্ছগ্রাম'),
(62, 'জয়কৃষ্ণপুর সরকারী প্রাথমিক বিদ্যালয়, জয়কৃষ্ণপুর'),
(63, 'লাউজানী সরকারী প্রাথমিক বিদ্যালয়, লাউজানী'),
(64, 'শেখ আকিজ উদ্দিন হাইস্কুল, (পুরাতন ভবন, উত্তর পার্শ্ব), নাভারণ'),
(65, 'শেখ আকিজ উদ্দিন হাইস্কুল, (নতুন ভবন, পুরাতন ভবন পশ্চিম পার্শ্ব), নাভারণ'),
(66, 'নাভারণ সরকারী প্রাথমিক বিদ্যালয়, নাভারণ'),
(67, 'করিমালি আর. এ. কে  আলীম মাদ্রাসা, করিমালি'),
(68, 'রঘুনাথপুর সরকারী প্রাথমিক বিদ্যালয়, রঘুনাথপুর (বাগ)'),
(69, 'পাঁচপোতা সরকারী প্রাথমিক বিদ্যালয়, করিমালি'),
(70, 'নিত্যানন্দকাটি সরকারী প্রাথমিক বিদ্যালয়, নিত্যানন্দকাটি'),
(71, 'হাড়িয়া সরকারী প্রাথমিক বিদ্যালয়, হাড়িয়া'),
(72, 'বায়সা সরকারী প্রাথমিক বিদ্যালয়, বায়সা'),
(73, 'বেড়ারুপানি ফোরকানিয়া মাদ্রাসা, বেড়ারূপানি'),
(74, 'নির্বাসখোলা মাধ্যমিক বিদ্যালয়, নির্বাসখোলা'),
(75, 'রাজারডুমুরিয়া সরকারী প্রাথমিক বিদ্যালয়, রাজার ডুমুরিয়া'),
(76, 'শিওরদাহ মাধ্যমিক বিদ্যালয়, শিওরদাহ'),
(77, 'দিঘড়ী সরকারী প্রাথমিক বিদ্যালয়, দীঘড়ী'),
(78, 'কানাইরালী সরকারী প্রাথমিক বিদ্যালয়, কানাইরালি'),
(79, 'বল্লা সরকারী প্রাথমিক বিদ্যালয়, বল্লা'),
(80, 'বিষ্ণপুর সরকারী প্রাথমিক বিদ্যালয়, বিষ্ণুপুর'),
(81, 'মহেশপাড়া সরকারী প্রাথমিক বিদ্যালয়, মহেশপাড়া'),
(82, 'সোনাকুড় সরকারী প্রাথমিক বিদ্যালয়, সোনাকুড়'),
(83, 'ইস্তা সরকারী প্রাথমিক বিদ্যালয়, ইস্তা\r\n\r\n'),
(84, 'মাটিকোমরা সরকারী প্রাথমিক বিদ্যালয়, মাটিকোমরা'),
(85, 'হাড়িখালি পাঁচপোতা সরকারী প্রাথমিক বিদ্যালয়, হাড়িখালি পাঁচপোতা'),
(86, 'দেউলি সরকারী প্রাথমিক বিদ্যালয়, দেউলি'),
(87, 'কুলবাড়িয়া বি.কে.এস মাধ্যমিক বিদ্যালয়, কুলবাড়িয়া'),
(88, 'কুলবাড়িয়া সরকারী প্রাথমিক বিদ্যালয়, কুলবাড়িয়া'),
(89, 'কুমড়ী সরকারী প্রাথমিক বিদ্যালয়, কুমরী'),
(90, 'নায়ড়া সরকারী প্রাথমিক বিদ্যালয়, নায়ড়া'),
(91, 'রাজবাড়িয়া সরকারী প্রাথমিক বিদ্যালয়, রাজবাড়ীয়া'),
(92, 'হরিদ্রাপোতা সরকারী প্রাথমিক বিদ্যালয়, হরিদ্রাপোতা'),
(93, 'বাঁকুড়া জে-কাঠি দাখিল মাদ্রাসা, বাঁকুড়া জে-কাঠি'),
(94, 'জগদানন্দকাটি  সরকারী প্রাথমিক বিদ্যালয়, জগদানন্দকাটি'),
(95, 'বাঁকড়া জে. কে. মাধ্যমিক বিদ্যালয়, আলীপুর'),
(96, 'বাঁকড়া সরকারী প্রাথমিক বিদ্যালয়, আলীপুর'),
(97, 'বড় খলসী সরকারী প্রাথমিক বিদ্যালয়, খলসী'),
(98, 'মুকন্দপুর সরকারী প্রাথমিক বিদ্যালয়, মুকুন্দপুর'),
(99, 'মাঠশিয়া  সরকারী প্রাথমিক বিদ্যালয়, মাটশিয়া'),
(100, 'দক্ষিণ দিগদানা সরকারী প্রাথমিক বিদ্যালয়, দিগদানা'),
(101, 'উজ্জ্বলপুর শহীদ মুক্তিযোদ্ধা দাখিল মাদ্রাসা, উজ্জলপুর'),
(102, 'খোসালনগর বালিয়াডাঙ্গা ইউ.পি. মাধ্যমিক বিদ্যালয়, খোসালনগর'),
(103, 'পাশাপোল সরকারী প্রাথমিক বিদ্যালয়, পাশাপোল'),
(104, 'পলুয়া সরকারী প্রাথমিক বিদ্যালয়'),
(105, 'বাড়িয়ালী সরকারী প্রাথমিক বিদ্যালয়, বাড়িয়ালী'),
(106, 'মৎস্যরাঙ্গা সরকারী প্রাথমিক বিদ্যালয়, মৎস্যরাঙ্গা'),
(107, 'দশপাকিয়া মাধ্যমিক বিদ্যালয়'),
(108, 'রানীয়ালী সরকারী প্রাথমিক বিদ্যালয়, রানীয়ালী'),
(109, 'সিংহঝুলী সরকারী প্রাথমিক বিদ্যালয়, সিংহঝুলী'),
(110, 'সিংহঝুলী আলীম মাদ্রাসা \r\nসিংহঝুলী মল্লিকবাড়ী\r\n'),
(111, 'জগন্নাথপুর সরকারী প্রাথমিক বিদ্যালয়, জগন্নাথপুর'),
(112, 'জাহাঙ্গীরপুর সরকারী প্রাথমিক বিদ্যালয়, জাহাঙ্গীরপুর'),
(113, 'গরীবপুর সরকারী প্রাথমিক বিদ্যালয়, গরীবপুর'),
(114, 'মুক্তারপুর সরকারী প্রাথমিক বিদ্যালয়, মুক্তারপুর'),
(115, 'ফতেপুর সরকারী প্রাথমিক বিদ্যালয়, ফতেপুর'),
(116, 'শাহাজাদপুর সরকারী প্রাথমিক বিদ্যালয়, শাহাজাদপুর'),
(117, 'কাবিলপুর সরকারী প্রাথমিক বিদ্যালয়, কাবিলপুর'),
(118, 'ধুলিয়ানী সরকারী প্রাথমিক বিদ্যালয়, ধুলিয়ানী');

--
-- Indexes for dumped tables
--

--
-- Indexes for table `migrations`
--
ALTER TABLE `migrations`
  ADD PRIMARY KEY (`id`);

--
-- Indexes for table `password_resets`
--
ALTER TABLE `password_resets`
  ADD KEY `password_resets_email_index` (`email`);

--
-- Indexes for table `pouro_or_union`
--
ALTER TABLE `pouro_or_union`
  ADD PRIMARY KEY (`id`);

--
-- Indexes for table `registraion`
--
ALTER TABLE `registraion`
  ADD PRIMARY KEY (`id`);

--
-- Indexes for table `upozila`
--
ALTER TABLE `upozila`
  ADD PRIMARY KEY (`id`);

--
-- Indexes for table `users`
--
ALTER TABLE `users`
  ADD PRIMARY KEY (`id`),
  ADD UNIQUE KEY `users_email_unique` (`email`);

--
-- Indexes for table `villege`
--
ALTER TABLE `villege`
  ADD PRIMARY KEY (`id`);

--
-- Indexes for table `villege_kendro`
--
ALTER TABLE `villege_kendro`
  ADD PRIMARY KEY (`id`);

--
-- Indexes for table `votkendro`
--
ALTER TABLE `votkendro`
  ADD PRIMARY KEY (`id`);

--
-- AUTO_INCREMENT for dumped tables
--

--
-- AUTO_INCREMENT for table `migrations`
--
ALTER TABLE `migrations`
  MODIFY `id` int(10) UNSIGNED NOT NULL AUTO_INCREMENT, AUTO_INCREMENT=3;

--
-- AUTO_INCREMENT for table `pouro_or_union`
--
ALTER TABLE `pouro_or_union`
  MODIFY `id` int(11) NOT NULL AUTO_INCREMENT, AUTO_INCREMENT=27;

--
-- AUTO_INCREMENT for table `registraion`
--
ALTER TABLE `registraion`
  MODIFY `id` int(10) NOT NULL AUTO_INCREMENT, AUTO_INCREMENT=14;

--
-- AUTO_INCREMENT for table `upozila`
--
ALTER TABLE `upozila`
  MODIFY `id` int(10) NOT NULL AUTO_INCREMENT, AUTO_INCREMENT=3;

--
-- AUTO_INCREMENT for table `users`
--
ALTER TABLE `users`
  MODIFY `id` int(10) UNSIGNED NOT NULL AUTO_INCREMENT, AUTO_INCREMENT=2;

--
-- AUTO_INCREMENT for table `villege`
--
ALTER TABLE `villege`
  MODIFY `id` int(10) NOT NULL AUTO_INCREMENT, AUTO_INCREMENT=248;

--
-- AUTO_INCREMENT for table `villege_kendro`
--
ALTER TABLE `villege_kendro`
  MODIFY `id` int(10) NOT NULL AUTO_INCREMENT, AUTO_INCREMENT=246;

--
-- AUTO_INCREMENT for table `votkendro`
--
ALTER TABLE `votkendro`
  MODIFY `id` int(11) NOT NULL AUTO_INCREMENT, AUTO_INCREMENT=119;
COMMIT;

/*!40101 SET CHARACTER_SET_CLIENT=@OLD_CHARACTER_SET_CLIENT */;
/*!40101 SET CHARACTER_SET_RESULTS=@OLD_CHARACTER_SET_RESULTS */;
/*!40101 SET COLLATION_CONNECTION=@OLD_COLLATION_CONNECTION */;
